email,first_name,last_name
pede.Nunc.sed@Quisque.net,Rogan,Yoko
purus.Duis@Namporttitor.org,Howard,Ian
quis@arcuvelquam.com,Buffy,Jesse
et.malesuada@litora.org,Hu,Quon
luctus.felis.purus@nuncsed.org,Mikayla,Dai
nisi@miAliquamgravida.org,Emerson,Bruno
porttitor@justo.co.uk,Calista,Rama
Sed.pharetra.felis@feugiatLoremipsum.com,Lisandra,Lareina
Cum.sociis.natoque@interdumSedauctor.net,Fitzgerald,Sacha
at.risus@egestasFusce.org,Ryan,Susan
odio.sagittis.semper@feugiatLorem.ca,Dara,Tiger
In.faucibus.Morbi@Morbiaccumsanlaoreet.org,Oren,Sean
erat.eget@sapienimperdiet.org,Velma,Demetria
penatibus.et@dui.com,Yeo,Candice
quam@acliberonec.ca,Riley,Sharon
nunc@diamnuncullamcorper.net,Fritz,Dai
ut@urnajustofaucibus.edu,Cooper,Timothy
et@ligulaconsectetuer.edu,Iona,Vivian
dis.parturient.montes@nequeMorbiquis.co.uk,Wesley,Maris
et@lacuspedesagittis.co.uk,Miranda,Murphy
Phasellus.nulla@a.net,Barbara,Clayton
urna@auguescelerisquemollis.com,Emerald,Shellie
eu.tellus.Phasellus@sedconsequat.edu,Dawn,Rooney
tristique@senectusetnetus.co.uk,Lester,Sara
cursus.Nunc.mauris@eusemPellentesque.com,Amaya,Rajah
a.purus.Duis@feliseget.net,Ruth,Wyatt
at.nisi.Cum@molestiein.edu,Stella,Erica
consequat@dictum.net,Dieter,Kylie
imperdiet.nec.leo@mollisDuissit.co.uk,Deacon,Ali
a@eratvel.co.uk,Christian,Clarke
metus.eu.erat@acmattis.com,Jana,Ezekiel
sodales.purus.in@erategetipsum.co.uk,Devin,Clark
Pellentesque.habitant.morbi@scelerisquesedsapien.co.uk,Eagan,Lenore
lacinia@arcuNuncmauris.org,Samuel,Leandra
auctor@idmollis.org,Blossom,Rose
risus@semut.com,Basia,Edan
enim@interdum.edu,Felicia,Tatum
tellus@nibhlacinia.com,Damian,Breanna
commodo.ipsum.Suspendisse@semegetmassa.org,Giselle,Christine
pellentesque.a.facilisis@enimnectempus.com,Caldwell,Finn
adipiscing@turpisAliquamadipiscing.co.uk,Wesley,Francis
tristique@atpretium.edu,Alec,Rhonda
fringilla@luctus.net,Bell,Shaeleigh
quis.diam@a.org,Lael,Brock
nunc@nonloremvitae.com,Indira,Chandler
dictum.augue@DonecestNunc.co.uk,Nathan,Erasmus
iaculis.enim@dolor.edu,Finn,Sierra
tincidunt@interdumliberodui.co.uk,Jolie,Brooke
ultrices@scelerisquelorem.org,Aristotle,Calvin
aliquet.molestie.tellus@amet.ca,Haley,Reece
neque.sed.sem@eu.ca,Lyle,Rhiannon
tincidunt@convallisin.edu,Yoshi,Chelsea
metus.Aenean@faucibuslectusa.co.uk,Yael,Dennis
Curabitur.vel.lectus@semsemper.edu,Wing,Barry
luctus.sit.amet@erategettincidunt.org,Allen,Brody
ipsum@felis.ca,Hanae,Hop
pharetra.Nam@tempus.org,Jordan,Grady
ornare@PhasellusnullaInteger.co.uk,Marshall,Charde
sagittis.placerat.Cras@vitaenibh.net,Grady,Belle
risus@vel.org,Jasper,Ali
turpis@risusNullaeget.ca,Garrett,Sybil
tortor@nonquamPellentesque.co.uk,Thomas,Brittany
eget.tincidunt.dui@et.co.uk,Eden,Freya
leo@tellus.org,Ulric,Zachery
lorem.lorem.luctus@quis.net,Jolie,Wynne
felis@Proin.co.uk,Steven,Quin
sed@necorciDonec.edu,Lacy,Eric
augue.Sed.molestie@nonjustoProin.org,Brody,Riley
Phasellus@eu.ca,Sheila,Daquan
tempor@Integervitaenibh.edu,James,Aquila
non.enim.commodo@ipsumsodalespurus.org,Ahmed,Alden
turpis@intempus.com,Aquila,Aquila
elit@fringillaeuismod.co.uk,Irma,Fulton
consequat.enim.diam@non.net,Nehru,Karina
nisi@acturpis.com,Colt,Alexis
sapien.Aenean@etcommodoat.org,Juliet,Eleanor
Lorem@dictum.edu,Inga,August
amet.nulla@adipiscing.net,Clayton,Flavia
lorem@facilisis.net,Damon,Noel
nisi.a@a.com,Deanna,Cally
elit@feugiat.edu,Chaney,Mark
sed@dolor.co.uk,Austin,Nelle
iaculis.lacus.pede@Proinnonmassa.com,Joseph,Carissa
pulvinar.arcu@temporbibendum.edu,Alexandra,Neve
urna@Fusce.net,Abbot,Melissa
arcu.Vestibulum@euplacerateget.edu,Burton,Lani
dui@penatibuset.net,Aquila,Hoyt
vulputate@ametconsectetueradipiscing.com,Molly,Pascale
eu.tellus.Phasellus@musDonec.co.uk,Brittany,Christine
Quisque.fringilla.euismod@vulputatelacusCras.ca,Scarlett,Donovan
ligula@seddui.edu,Driscoll,Whitney
posuere.cubilia.Curae@infaucibusorci.ca,Latifah,Oleg
varius.Nam@Fuscemollis.org,Helen,Cooper
semper@id.edu,Helen,Emma
Nullam.enim@Nullamsuscipitest.com,Rae,Curran
Fusce@tinciduntDonecvitae.co.uk,Allen,Macon
non.leo@velitSed.com,Ivor,Colton
at@interdumenim.com,Edan,Hillary
ut@aliquet.ca,Caryn,Mark
Fusce.aliquam@eu.org,Yuri,Keelie
